SCODE,Year,FEM_NUM,FEM_RTO,BOARDSIZE,IDOUT_RTO,IDOUT_NUM,AGE_AVERAGE,BRD_AGEMAX_B,BRD_AGEMIN_B,NKILM,ROA,ASS_ROA,ASS,DASS,FRAUD
1515,2017,0,0,9,22.2,2,60,69,54,37,5.41791,167260,172716,38.4,1
1515,2018,0,0,9,22.2,2,61,70,55,37,4.26605,172431,171717,37.6,1
1925,2018,1,4,19,15.8,3,64,80,57,41,8.90847,4035059,4334037,62.1,1
1925,2019,1,4.6,16,18.8,3,65,81,58,41,8.48329,4334037,4627388,61.7,1
8267,2018,3,14.3,9,55.6,5,67,75,60,45,2.27571,9452756,10049680,81.3,1
5471,2018,0,0,10,20,2,61,70,55,17,5.3492,642021,650697,51.1,1
1925,2017,1,4,19,15.8,3,64,79,56,41,9.69078,3555885,4035272,62.5,1
5471,2019,1,7.7,10,30,3,63,71,56,17,3.73415,650697,625899,50.6,1
5121,2017,0,0,9,22.2,2,61,66,54,13,7.2982,33337,36588,30.7,1
7878,2017,0,0,7,14.3,1,63,83,50,33,3.17375,1859,1825,38.8,1
7719,2017,0,0,7,28.6,2,59,81,43,31,-7.47928,4586,4052,77.9,1
3390,2017,1,10,6,50,3,50,70,33,43,-23.26203,1496,1849,59,1
2433,2019,0,0,13,23.1,3,67,85,58,71,6.44123,902002,859887,63.2,1
2433,2018,0,0,13,23.1,3,66,84,57,71,8.62122,798135,905547,65,1
2433,2017,0,0,14,14.3,2,64,83,56,71,7.52911,722051,799901,54.1,1
7519,2017,0,0,5,20,1,62,75,52,43,-11.60131,1836,1731,35.8,1
7729,2017,0,0,11,18.2,2,60,70,52,31,15.12803,114463,132995,25.3,1
1711,2017,0,0,4,25,1,54,69,48,41,-14.25085,2049,2159,87.9,1
5471,2017,0,0,10,20,2,61,69,54,17,6.29257,574169,645041,50.9,1
1878,2018,1,6.3,12,25,3,57,70,51,41,15.68724,842978,859772,64.8,1
7729,2019,1,7.7,13,38.5,5,61,72,45,31,7.84398,157573,146549,25.2,1
9446,2019,1,11.1,6,33.3,2,54,65,35,65,2.79927,26757,27972,86.6,1
9318,2018,0,0,7,42.9,3,58,78,33,52,-20.42933,4146,3310,18.5,1
9446,2017,1,11.1,6,33.3,2,52,63,33,65,3.38876,23755,26152,83.8,1
7769,2017,0,0,6,33.3,2,64,73,58,31,2.54037,44521,41036,29.9,1
9101,2017,2,13.3,11,27.3,3,62,71,58,59,1.37052,2044183,2071972,71.6,1
8746,2019,0,0,11,0,0,56,64,47,52,6.14489,18373,19641,70,1
6470,2018,0,0,8,25,2,62,74,59,27,4.14166,114133,109635,41.5,1
6740,2018,0,0,6,50,3,69,79,58,23,-7.18351,614644,545376,98.7,1
5935,2017,1,11.1,5,20,1,61,75,47,19,1.28434,8409,8882,58.4,1
6740,2017,0,0,7,42.9,3,65,78,53,23,-10.22879,915631,614692,86.7,1
5938,2018,4,21.1,12,41.7,5,67,73,58,19,-0.85377,2107131,2059544,72.5,1
7215,2017,0,0,8,25,2,62,77,54,27,2.81657,59860,70496,73,1
5912,2017,0,0,7,42.9,3,61,66,55,41,7.78693,42597,43856,42.4,1
1822,2017,0,0,8,12.5,1,65,71,62,41,8.70373,129232,141115,59,1
8803,2018,1,7.7,9,44.4,4,66,76,56,53,2.80773,300243,335572,67.5,1
4634,2017,1,5.3,14,14.3,2,63,78,56,7,6.39917,365214,379682,39.1,1
1878,2019,1,6.7,11,27.3,3,58,71,52,41,15.47247,859772,880289,67.5,1
8032,2017,0,0,6,33.3,2,63,68,58,43,3.47318,287863,338268,72,1
5938,2017,4,21.1,10,50,5,66,72,57,19,4.40694,2042165,2107131,69.2,1
7932,2017,0,0,7,14.3,1,67,75,59,33,2.83999,65282,69026,59.2,1
7927,2017,0,0,5,20,1,59,69,52,33,4.84445,23305,23316,48.2,1
7955,2018,1,7.7,9,22.2,2,61,69,53,33,-0.45098,83374,80408,36.8,1
6470,2017,0,0,7,28.6,2,63,73,58,27,5.97345,113586,115884,43.1,1
5935,2020,0,0,7,28.6,2,64,78,50,19,3.34909,9943,9099,50.6,1
7729,2020,1,7.7,13,38.5,5,61,72,46,31,10.8271,146549,161556,27.7,1
1822,2019,1,9.1,8,37.5,3,62,70,37,41,5.83784,146938,152187,57.3,1
1827,2020,0,0,9,33.3,3,66,80,46,41,2.23482,81349,84467,55.8,1
1873,2017,0,0,7,28.6,2,59,65,54,41,3.65917,48153,43198,50.1,1
7927,2020,0,0,5,20,1,62,72,55,33,5.01644,21290,23136,44.9,1
5940,2019,0,0,5,40,2,67,75,60,19,0.81139,90832,92155,78,1
1878,2020,1,8.3,9,33.3,3,59,72,53,41,10.29287,880289,919454,66.5,1
6988,2018,0,0,9,33.3,3,63,76,53,7,9.80064,937796,913418,23.2,1
5922,2020,0,0,8,12.5,1,62,71,48,19,4.54177,38267,38551,46.6,1
6333,2017,0,0,9,22.2,2,62,73,54,23,7.19496,33037,33308,23.4,1
7927,2018,0,0,5,20,1,60,70,53,33,4.90221,23316,22962,48.2,1
9001,2017,1,4.8,16,12.5,2,60,71,53,55,3.8984,1597733,1619264,71.6,1
6457,2018,0,0,8,25,2,63,76,50,21,6.79435,302825,318228,39.3,1
7201,2017,0,0,9,11.1,1,64,71,58,27,4.07308,18421008,18746901,69.7,1
8746,2018,0,0,12,0,0,56,64,46,52,-1.2137,23482,18436,70.4,1
4923,2017,0,0,7,14.3,1,53,64,41,7,14.69038,9108,9364,23.7,1
4923,2018,0,0,7,14.3,1,53,58,42,7,14.95088,9364,9401,25.4,1
1734,2018,0,0,5,0,0,58,62,55,41,3.25144,10949,9402,34,1
1822,2018,0,0,7,28.6,2,65,69,63,41,6.5388,140561,146938,57.9,1
9787,2017,0,0,13,23.1,3,62,73,42,71,12.38952,139505,146828,31.5,1
8013,2019,0,0,6,33.3,2,62,72,54,43,-1.22934,14398,12829,32,1
9446,2018,1,11.1,6,33.3,2,53,64,34,65,2.66901,26152,26757,87.7,1
9621,2017,1,6.7,11,18.2,2,64,74,60,71,5.86249,42644,49444,45.6,1
9059,2019,2,20,7,28.6,2,60,78,51,57,4.36853,39487,39562,55.3,1
6513,2018,0,0,11,27.3,3,61,64,58,23,6.19297,45374,45512,44.2,1
3277,2020,0,0,8,25,2,54,71,39,53,3.67491,19293,20070,49.8,1
7949,2018,0,0,9,33.3,3,60,73,35,19,8.35442,36747,39300,17.9,1
6988,2019,0,0,8,37.5,3,65,77,54,7,7.55547,913418,921900,25.1,1
5310,2017,0,0,7,42.9,3,55,68,46,15,5.32831,69797,74223,17.8,1
3036,2019,0,0,7,33.3,2,69,83,56,43,3.76501,143851,134463,69.3,1
1798,2017,0,0,9,11.1,1,65,70,55,41,5.87358,25487,26487,67.2,1
3167,2017,0,0,10,20,2,64,77,55,43,6.9461,161112,166391,63.1,1
7927,2019,0,0,5,20,1,61,71,54,33,5.09102,22962,21290,44.4,1
8803,2017,1,8.3,8,37.5,3,64,75,55,53,2.86494,293025,302795,65.4,1
6753,2020,0,0,7,28.6,2,63,74,55,23,3.48666,1811907,1927226,81.1,1
1798,2019,0,0,8,12.5,1,67,72,57,41,5.00019,26999,29820,66.2,1
6676,2019,0,0,9,33.3,3,63,71,38,23,5.54158,88675,78870,38.8,1
5781,2017,0,0,8,0,0,59,70,41,19,1.33809,4484,4809,52.1,1
3036,2018,0,0,6,33.3,2,72,82,60,43,4.80349,130197,143851,72.4,1
1762,2019,1,6.3,12,25,3,63,82,42,41,7.53187,190590,211431,47.9,1
6676,2020,0,0,7,42.9,3,62,72,39,23,11.5012,78870,85802,39.2,1
6205,2018,0,0,11,27.3,3,59,75,38,21,1.42006,49505,49314,56.4,1
7729,2018,0,0,10,20,2,61,71,53,31,15.65545,132893,157573,31.8,1
8803,2019,1,7.7,9,44.4,4,67,77,57,53,2.98177,335572,339545,68.4,1
1960,2019,0,0,7,28.6,2,65,80,44,41,2.87274,46541,45913,34.3,1
3277,2019,0,0,9,22.2,2,51,70,37,53,10.47863,16777,19293,48.7,1
1716,2018,1,12.5,5,40,2,50,57,45,41,14.50382,12707,13304,17.6,1
7932,2019,0,0,7,14.3,1,68,77,57,33,2.55191,67910,67652,57.8,1
1762,2018,0,0,16,12.5,2,63,81,41,41,6.72003,184895,190590,38,1
3054,2018,2,22.2,6,0,0,48,54,42,43,5.35962,6493,6280,57.6,1
3167,2018,0,0,10,20,2,64,78,56,43,7.98769,165993,167606,61.9,1
1827,2018,0,0,9,22.2,2,66,78,57,41,7.04165,84554,84450,59.3,1
2427,2020,2,20,10,60,6,62,76,44,71,3.81106,239907,302873,77.5,1
5922,2018,0,0,11,9.1,1,62,70,46,19,2.13848,35586,35111,58.8,1
6615,2017,0,0,8,25,2,65,81,51,23,3.42257,60627,65923,72.4,1
3023,2018,0,0,9,22.2,2,66,73,57,43,7.67796,29487,31854,50.2,1
3088,2017,1,7.7,10,30,3,62,74,42,45,12.64222,285733,315161,35,1
6588,2017,0,0,10,20,2,61,68,55,23,8.45159,269393,282630,67,1
5940,2017,0,0,5,40,2,65,73,58,19,2.17862,85467,90952,78.8,1
1798,2018,0,0,9,11.1,1,66,71,56,41,5.35735,26487,26999,65.3,1
4634,2018,1,5.3,14,21.4,3,64,79,57,7,4.08447,379682,374536,40.2,1
6676,2017,0,0,6,33.3,2,62,73,36,23,9.46547,67181,65822,31.3,1
3054,2019,2,20,7,28.6,2,52,69,43,43,8.6465,6280,6644,55.7,1
7806,2018,0,0,11,27.3,3,53,70,43,33,-10.52296,72223,40955,22.5,1
9621,2020,1,6.3,12,16.7,2,64,77,58,71,8.83873,59013,63980,46.8,1
3054,2020,2,20,7,28.6,2,53,70,44,43,4.98194,6644,6875,53.6,1
8203,2020,1,8.3,9,22.2,2,59,65,45,45,6.87527,83604,82306,66.1,1
8061,2018,1,9.1,7,28.6,2,61,69,57,43,2.45994,98295,85742,66.1,1
4923,2019,0,0,7,14.3,1,54,59,43,7,15.86001,9401,10356,25.2,1
4634,2019,2,10.5,14,21.4,3,64,80,58,7,3.72622,371610,376130,39.7,1
3167,2019,0,0,10,20,2,64,79,49,43,8.63871,167606,169972,61.2,1
2220,2017,1,8.3,8,62.5,5,67,76,47,1,8.89183,72606,77282,37.9,1
9729,2017,0,0,10,20,2,63,68,53,71,9.29313,84514,92576,32.4,1
1770,2017,0,0,6,16.7,1,58,66,52,41,10.38429,21234,22515,50.6,1
3054,2017,2,20,7,0,0,48,54,41,43,5.88032,5799,6493,60.9,1
6457,2019,0,0,8,25,2,63,71,51,21,4.92006,318228,308763,39.4,1
7949,2017,0,0,9,22.2,2,59,72,34,19,6.69367,35302,36747,16,1
8132,2018,1,16.7,6,50,3,63,69,58,43,2.31575,93188,91112,48,1
8182,2018,0,0,8,25,2,63,75,53,45,2.56448,100722,95415,45.5,1
1716,2019,1,12.5,5,40,2,51,58,46,41,18.65604,13304,15533,19.2,1
3167,2020,0,0,10,20,2,65,80,50,43,9.00854,169972,178974,57.5,1
5922,2019,0,0,11,9.1,1,63,71,47,19,5.7304,35111,38267,48.9,1
8886,2019,0,0,8,37.5,3,60,73,39,53,1.12452,27923,27434,76.7,1
6541,2017,1,11.1,6,16.7,1,49,62,42,71,32.44305,1273,1586,29.1,1
9639,2020,0,0,7,0,0,54,61,40,71,12.53372,63397,64329,38.5,1
1827,2019,0,0,8,25,2,68,79,58,41,5.20426,84450,81349,56.3,1
8182,2017,0,0,9,22.2,2,63,74,53,45,3.94176,97520,100734,46.3,1
3782,2017,0,0,6,16.7,1,57,81,45,71,-10.46392,1940,1898,17.1,1
6988,2017,0,0,9,33.3,3,62,75,52,7,14.33892,879899,937796,26,1
2427,2018,0,0,9,44.4,4,59,74,39,71,10.4593,124645,181577,67.9,1
7955,2017,1,7.7,9,22.2,2,61,68,52,33,0.49544,84369,83898,37.6,1
5935,2019,0,0,5,20,1,62,77,49,19,5.35322,8649,9943,59,1
3023,2017,0,0,11,18.2,2,64,72,56,43,7.41235,27751,29633,47,1
4427,2018,2,12.5,12,16.7,2,51,60,39,71,16.53422,7802,12853,47.2,1
3782,2020,0,0,5,20,1,63,84,53,71,-8.45846,1998,3592,18.2,1
7597,2018,1,12.5,5,0,0,55,74,34,43,1.1836,6928,6967,53.7,1
2127,2019,0,0,9,33.3,3,62,76,41,71,40.59431,35638,44296,18.9,1
2427,2017,0,0,9,33.3,3,57,73,38,71,11.50462,90355,124645,78.5,1
5915,2017,0,0,7,14.3,1,62,75,57,19,2.91075,56068,58496,50.3,1
6408,2020,0,0,8,12.5,1,66,74,56,21,-0.59935,42546,42020,63.6,1
9964,2019,1,7.7,10,20,2,62,89,37,43,5.89901,72758,67784,49.5,1
9964,2018,1,8.3,9,11.1,1,60,88,36,43,7.04622,65042,72758,56,1
3782,2019,0,0,5,20,1,62,83,52,71,-14.65565,1815,1998,20.8,1
6408,2019,0,0,8,12.5,1,65,73,55,21,1.56362,43297,43360,60,1
2427,2019,0,0,9,44.4,4,60,75,40,71,7.24075,186141,239179,72.8,1
6457,2020,0,0,11,36.4,4,62,72,44,21,4.57147,308763,331214,40.5,1
9787,2018,0,0,11,27.3,3,61,74,44,71,9.23568,144678,134614,43.9,1
1982,2019,1,7.7,9,33.3,3,64,71,59,41,5.14467,82396,83632,30.3,1
6753,2018,0,0,9,22.2,2,57,67,42,23,3.61606,1908461,1866349,80,1
6205,2017,0,0,10,20,2,60,73,51,21,0.96908,50873,49742,57.1,1
6457,2017,0,0,8,25,2,62,75,49,21,5.6112,312821,302953,36.6,1
9621,2019,1,6.3,12,16.7,2,64,76,59,71,8.64632,50854,59013,47.6,1
1734,2020,0,0,6,16.7,1,60,64,53,41,1.79892,10006,9334,54.4,1
2127,2018,0,0,10,30,3,60,75,40,71,39.52381,31710,35638,23.5,1
6192,2017,0,0,10,20,2,47,55,37,71,18.63517,1905,2542,59.1,1
6901,2017,0,0,14,14.3,2,61,73,54,23,2.81295,19588,21396,58.9,1
5922,2017,0,0,11,9.1,1,61,69,45,19,2.19654,32096,35589,60.9,1
9729,2018,0,0,9,22.2,2,63,69,54,71,8.56272,92237,95631,30.9,1
6570,2018,1,11.1,9,33.3,3,62,76,53,71,4.72341,10268,10990,69.1,1
6675,2017,0,0,10,20,2,59,65,55,23,1.56862,41629,40802,42.7,1
9829,2017,0,0,11,18.2,2,61,70,52,45,1.81672,13706,13796,77.8,1
6676,2018,0,0,7,28.6,2,62,74,37,23,9.87609,66018,88675,38.2,1
4708,2017,1,8.3,8,25,2,59,63,44,71,8.087,66069,67123,28.1,1
6573,2018,0,0,5,20,1,42,46,36,71,18.99038,416,768,8.6,1
2127,2020,2,15.4,13,38.5,5,57,77,37,71,37.33971,44296,55558,18.2,1
8132,2017,1,16.7,6,50,3,62,68,57,43,3.76588,104836,93614,49.9,1
2402,2017,1,8.3,9,0,0,52,66,40,71,4.84168,11938,11907,85,1
8089,2017,0,0,11,27.3,3,63,71,57,43,0.19978,181200,179491,74.2,1
8070,2017,1,12.5,8,25,2,62,66,49,43,5.56403,41966,59907,61.7,1
9903,2018,2,20,10,40,4,62,75,53,45,4.52901,26253,25972,73.4,1
6030,2018,3,37.5,5,40,2,42,48,34,71,5.60921,10768,17187,90.1,1
1734,2019,0,0,5,0,0,59,63,55,41,5.31802,9402,10006,35.9,1
5915,2019,0,0,7,28.6,2,65,77,59,19,0.50698,54046,50749,47.6,1
9318,2017,0,0,7,42.9,3,57,77,32,52,-18.86243,3780,4146,11.9,1
3647,2018,0,0,5,60,3,51,58,46,71,8.40804,9705,5937,67,1
6513,2019,1,8.3,12,33.3,4,62,65,59,23,2.41694,45512,44400,44,1
5940,2018,0,0,5,40,2,66,74,59,19,1.03469,90945,90501,78.2,1
6541,2019,1,10,7,14.3,1,50,64,44,71,51.41151,1842,2762,19,1
3023,2019,0,0,7,28.6,2,63,74,49,43,7.08554,31529,30420,45.1,1
1971,2017,0,0,10,20,2,60,76,40,19,-1.28635,8940,9423,63.9,1
5953,2017,0,0,6,33.3,2,62,75,56,21,3.30934,14867,15357,68.8,1
8070,2018,1,12.5,8,25,2,63,67,50,43,4.30873,59716,74699,67.9,1
6513,2017,0,0,13,23.1,3,61,64,58,23,4.51512,42258,45520,44.4,1
6205,2019,0,0,8,50,4,60,76,39,21,-0.87196,49314,35217,67,1
9621,2018,1,7.1,10,20,2,65,75,61,71,6.40523,49444,50873,45.3,1
7643,2018,0,0,7,14.3,1,65,72,54,45,7.28188,17880,18288,36.7,1
1982,2018,0,0,9,33.3,3,65,78,61,41,3.8731,82931,82396,27.1,1
7643,2019,0,0,7,14.3,1,66,73,55,45,9.56912,18288,19509,35.4,1
7062,2019,2,22.2,5,20,1,50,57,45,71,4.7772,2491,2505,40.2,1
3686,2017,1,12.5,5,20,1,51,59,45,71,-4.49461,5006,6842,69.3,1
6573,2020,0,0,3,33.3,1,44,48,42,71,-37.34694,490,764,64.9,1
7518,2018,1,6.7,11,36.4,4,62,75,49,71,12.41072,106827,125498,46.7,1
1822,2020,1,9.1,8,37.5,3,63,71,38,41,6.18975,152187,170899,56.6,1
6548,2017,2,18.2,8,25,2,51,71,40,71,2.42105,2850,4178,71.4,1
6192,2018,0,0,10,20,2,48,56,38,71,16.28639,2542,3876,64.9,1
4708,2018,1,7.1,10,20,2,59,64,45,71,8.33544,67123,55755,32.2,1
3782,2018,0,0,6,16.7,1,58,82,46,71,-4.37302,1898,1815,18.3,1
6408,2018,0,0,8,12.5,1,65,72,54,21,2.59719,42007,43297,59.4,1
6637,2017,0,0,10,18.2,2,61,73,52,23,4.93182,45906,46577,36.6,1
6753,2019,0,0,9,22.2,2,61,71,54,23,2.97592,1866349,1832349,83.9,1
7518,2019,1,6.7,11,36.4,4,63,76,50,71,13.99931,118313,136111,51,1
4319,2017,0,0,10,20,2,59,67,48,71,3.33046,22069,21618,75.5,1
8061,2017,1,9.1,7,28.6,2,62,68,57,43,2.4329,118254,98470,70.6,1
6333,2018,0,0,9,33.3,3,60,73,51,23,6.7412,33006,34310,27.7,1
7958,2017,0,0,7,28.6,2,61,73,43,7,3.12157,90275,92550,17.9,1
8746,2017,0,0,13,0,0,57,83,45,52,-0.05418,23994,23482,75.4,1
7932,2018,0,0,7,14.3,1,68,76,60,33,1.22915,68584,67910,58.9,1
6706,2017,0,0,9,22.2,2,58,70,49,23,3.03005,60164,61697,26.2,1
3647,2019,0,0,8,37.5,3,50,68,36,71,3.30133,5937,4554,46,1
9059,2018,1,9.1,8,25,2,63,85,50,57,3.92545,39384,39487,56.9,1
9964,2020,1,7.7,10,20,2,63,90,38,43,2.69975,67784,61338,49.7,1
6030,2017,3,37.5,5,60,3,41,47,33,71,13.86703,3685,10724,87,1
6615,2018,0,0,9,22.2,2,63,82,52,23,1.56198,65878,79792,66.7,1
6181,2018,1,12.5,5,40,2,46,54,36,71,7.44452,2794,3382,71.1,1
6815,2018,0,0,7,14.3,1,54,83,37,23,7.39809,36969,39610,22.5,1
6675,2018,0,0,10,20,2,59,66,56,23,4.70366,40798,40547,40.9,1
8013,2018,0,0,6,33.3,2,61,71,53,43,3.44448,14516,14731,34.2,1
4427,2019,2,11.8,12,16.7,2,50,60,44,71,12.21505,12853,16272,50.7,1
1982,2017,0,0,9,33.3,3,64,77,60,41,4.37108,93661,83550,29.9,1
4923,2020,1,10,7,28.6,2,54,60,44,7,16.00039,10356,11585,25.9,1
6740,2019,0,0,5,40,2,63,76,59,23,-10.72568,538502,389746,86.3,1
1762,2017,0,0,16,12.5,2,63,80,40,41,7.57322,180927,184914,38.4,1
3036,2020,3,27.3,7,42.9,3,65,84,48,43,4.25247,134463,147917,70.7,1
9903,2017,2,20,7,28.6,2,60,71,52,45,2.9481,26322,26253,76,1
2402,2019,2,15.4,10,0,0,53,68,42,71,0.08774,12537,11816,86.1,1
2178,2018,0,0,7,42.9,3,57,70,49,71,1.50952,18019,16296,56.8,1
6548,2018,2,18.2,8,12.5,1,46,64,35,71,7.97032,4178,6903,79.6,1
7997,2017,0,0,9,11.1,1,67,84,49,33,-0.47788,11300,10862,61.3,1
9964,2017,1,8.3,9,11.1,1,59,87,35,43,6.9496,59802,65374,55.5,1
7958,2019,0,0,9,33.3,3,58,75,42,7,3.91475,91960,94542,21.6,1
7518,2017,1,7.7,9,33.3,3,63,74,56,71,8.14396,103365,106827,43.5,1
6050,2018,0,0,7,42.9,3,49,59,41,71,31.18223,3781,4598,24.1,1
2901,2017,0,0,6,50,3,61,71,52,1,5.2356,191,1541,83.5,1
7958,2018,0,0,7,28.6,2,62,74,44,7,3.41492,92330,92246,18.7,1
3036,2017,0,0,8,25,2,71,81,59,43,6.98567,113647,130603,70.4,1
6181,2019,1,8.3,9,22.2,2,45,55,37,71,1.2123,3382,5484,81.3,1
3647,2017,1,16.7,6,42.9,3,48,57,37,71,9.94877,7418,9705,80.6,1
8013,2017,0,0,6,33.3,2,60,70,52,43,3.35609,14064,14516,32.7,1
9059,2017,1,9.1,8,25,2,62,84,49,57,4.97517,36441,39610,58.4,1
9632,2017,1,7.1,14,21.4,3,59,64,48,71,14.14245,22535,25754,18.1,1
5915,2018,0,0,7,28.6,2,64,76,58,19,3.68493,58183,54046,48.8,1
6570,2019,2,22.2,9,33.3,3,61,65,54,71,3.09497,10824,10308,68.4,1
7643,2017,0,0,8,12.5,1,65,71,53,45,7.86908,17537,17880,38.6,1
9632,2018,1,7.1,14,21.4,3,60,65,49,71,11.19438,25754,26830,17.1,1
6706,2018,0,0,8,25,2,59,71,50,23,4.77086,61687,62437,26.4,1
6030,2019,3,37.5,5,25,1,43,49,35,71,2.0618,17024,16908,91.3,1
2402,2018,2,18.2,8,0,0,52,67,41,71,3.7121,11907,12594,85.4,1
2178,2019,0,0,8,37.5,3,59,71,50,71,2.47929,16295,15480,55.3,1
3023,2020,1,12.5,8,25,2,62,75,44,43,7.94753,30110,31408,43.7,1
7769,2018,0,0,7,42.9,3,64,72,59,31,2.24772,40619,39812,29.7,1
6541,2018,1,11.1,6,16.7,1,50,63,43,71,36.12863,1586,1842,21.1,1
6573,2019,0,0,4,25,1,44,47,41,71,-15.36458,768,719,26.7,1
7597,2017,1,11.1,6,0,0,56,73,33,43,1.20199,6822,6944,52.2,1
6050,2019,0,0,7,42.9,3,50,60,42,71,26.55502,4598,5642,23.3,1
6181,2017,1,11.1,6,33.3,2,46,53,35,71,14.36147,2263,2811,69.7,1
1663,2017,0,0,10,20,2,63,82,55,37,3.87851,89622,91644,18.2,0
1663,2018,0,0,10,20,2,63,83,56,37,3.55288,91644,92033,17.2,0
1928,2018,2,11.8,11,27.3,3,65,77,53,41,8.069,2419012,2413053,50.4,0
1928,2019,2,11.8,11,27.3,3,66,78,54,41,8.86456,2413035,2634748,50.4,0
3382,2018,2,11.8,12,33.3,4,64,76,55,45,7.39812,5494950,5795302,53.9,0
5444,2018,0,0,11,9.1,1,62,73,45,17,8.57272,367083,384068,13.1,0
1928,2017,0,0,11,18.2,2,66,76,52,41,9.3221,2184895,2419012,50.1,0
5444,2019,0,0,13,15.4,2,62,74,46,17,6.02107,384068,383025,10.6,0
5103,2017,0,0,9,11.1,1,61,76,45,13,-5.91147,67885,49601,61.9,0
7836,2017,0,0,3,0,0,53,63,43,33,2.47104,1295,1348,59.7,0
7777,2017,0,0,4,25,1,49,63,43,31,-51.62138,3423,3135,29.8,0
9973,2017,0,0,6,33.3,2,47,60,41,43,-17.81095,2010,1526,82.6,0
3659,2019,0,0,7,28.6,2,52,72,42,71,18.76437,649998,719088,12.2,0
4661,2018,1,7.1,10,20,2,67,83,59,71,14.21355,910673,1051455,23.6,0
4661,2017,1,7.1,10,20,2,66,82,58,71,13.13959,849798,915564,21.1,0
9973,2017,0,0,6,33.3,2,47,60,41,43,-17.81095,2010,1526,82.6,0
7744,2017,0,0,6,50,3,50,66,34,31,4.41496,116309,148618,48.4,0
1400,2017,0,0,4,25,1,61,71,54,41,-1.88172,2232,2408,15.6,0
5413,2017,1,7.1,10,20,2,61,67,57,17,2.67165,706418,716693,65.4,0
1808,2018,1,5.6,13,38.5,5,64,70,44,41,14.59475,687706,773219,52.4,0
7744,2019,1,16.7,6,66.7,4,51,68,36,31,0.1429,149755,160308,47.7,0
9438,2019,2,18.2,7,42.9,3,58,74,46,65,8.73394,27479,30547,29.6,0
8462,2018,0,0,7,57.1,4,57,71,38,52,-3.87717,3224,3021,6.7,0
9438,2017,2,16.7,8,37.5,3,56,71,44,65,11.71695,23897,23896,21.3,0
7749,2017,0,0,10,10,1,63,82,47,31,8.74515,42252,44280,13.8,0
9104,2017,1,7.7,9,33.3,3,63,72,58,59,1.41928,2217528,2225636,71.8,0
7192,2019,1,12.5,8,37.5,3,60,67,54,52,9.97109,14873,18285,74,0
7244,2018,0,0,10,20,2,55,64,44,27,9.3955,103177,102416,60.9,0
6923,2018,0,0,10,20,2,60,71,54,23,12.33895,494491,509564,19.7,0
3444,2017,0,0,8,12.5,1,59,88,43,19,-1.11,10000,9452,25.1,0
6586,2017,0,0,13,15.4,2,63,76,42,23,13.34083,597249,651031,14.6,0
5711,2018,1,7.1,9,33.3,3,62,69,57,19,2.52001,2011067,1938270,62.7,0
7214,2017,0,0,10,10,1,59,71,44,27,4.53895,62856,66435,52.1,0
1964,2017,0,0,9,11.1,1,63,73,55,41,3.34268,38502,41494,48.8,0
1884,2017,0,0,6,33.3,2,61,64,50,41,5.11362,142443,148624,47.7,0
2337,2018,2,10.5,9,66.7,6,58,71,42,53,7.78248,296512,319599,67.8,0
4043,2017,0,0,12,25,3,61,69,50,7,8.52808,424433,361949,62.3,0
1824,2019,1,5.9,12,16.7,2,62,70,51,41,5.0997,717630,920786,62.7,0
8098,2017,0,0,9,22.2,2,61,68,54,43,1.8739,340147,353382,59.6,0
5711,2017,1,7.1,9,33.3,3,64,71,59,19,4.19734,1896939,2015084,61.9,0
7937,2017,0,0,7,28.6,2,59,74,39,33,1.47549,71976,72023,2.6,0
7815,2017,0,0,5,0,0,60,69,50,33,-3.89579,24950,24310,82.4,0
7868,2018,1,10,7,14.3,1,58,64,49,33,2.05558,79637,76996,40.1,0
7315,2017,1,7.1,10,20,2,62,68,55,27,7.56612,113691,120722,40.8,0
5967,2020,1,14.3,7,42.9,3,57,67,42,19,14.85999,8035,9474,15.1,0
7732,2020,1,7.7,9,44.4,4,63,75,49,31,3.45472,161721,168210,58,0
1884,2019,0,0,6,33.3,2,60,66,46,41,5.18894,151341,145974,41.4,0
1882,2020,0,0,7,28.6,2,62,72,52,41,8.6377,84027,87846,45.3,0
1964,2017,0,0,9,11.1,1,63,73,55,41,3.34268,38502,41494,48.8,0
7887,2020,0,0,6,16.7,1,60,66,51,33,8.78112,23300,24026,18.9,0
5959,2019,2,14.3,14,28.6,4,60,72,53,19,6.407,87701,88652,34.7,0
1808,2020,1,5.6,13,38.5,5,63,71,46,41,8.98665,799319,953659,58.6,0
3405,2018,1,7.1,9,22.2,2,65,74,61,7,7.87489,776735,947116,40.1,0
5821,2020,0,0,6,33.3,2,68,76,50,19,5.41605,35044,37184,26.1,0
6904,2017,1,7.7,10,20,2,60,71,53,23,7.1141,33033,34434,60.4,0
7921,2018,1,9.1,8,25,2,64,74,55,33,9.65517,19720,22201,30.8,0
9024,2017,1,5.3,15,20,3,60,76,51,55,3.40875,1627868,1671977,76.4,0
6268,2018,1,6.7,10,30,3,62,67,47,21,9.93577,301557,328568,42.4,0
7267,2017,2,14.3,14,35.7,5,62,72,53,27,5.88124,18958123,19349164,57.4,0
8789,2018,0,0,6,16.7,1,53,67,40,52,2.21176,14016,19025,53.4,0
4120,2017,0,0,7,28.6,2,65,71,59,7,0.94379,9536,9656,42.7,0
4120,2018,0,0,7,28.6,2,64,72,51,7,2.27838,9656,9689,40.4,0
1758,2018,0,0,10,10,1,57,69,42,41,5.12687,9577,9119,25.1,0
1884,2018,0,0,6,33.3,2,62,65,51,41,5.52161,147783,151341,46.5,0
6183,2017,2,16.7,9,33.3,3,53,59,48,71,6.09589,139471,142437,68.5,0
7533,2019,0,0,7,14.3,1,56,73,45,43,11.09576,12302,13180,41.3,0
9438,2018,2,18.2,7,42.9,3,56,73,45,65,14.6468,23896,27479,20.7,0
4837,2017,1,9.1,7,14.3,1,61,82,49,71,-2.06328,67223,48143,89.5,0
9078,2019,0,0,11,25,2,66,74,48,57,2.88456,36678,40597,41.3,0
6915,2018,0,0,10,20,2,60,69,55,23,6.10873,45656,44350,22.6,0
3294,2020,0,0,7,28.6,2,57,63,51,53,7.217,18498,20558,60.6,0
5907,2018,0,0,9,11.1,1,62,68,57,19,6.37938,38452,38352,26.9,0
4088,2019,1,4,20,10,2,65,86,54,7,6.34015,785944,899699,60.9,0
5269,2017,1,10,7,42.9,3,67,75,57,15,3.46141,63558,72539,49.9,0
7537,2019,0,0,8,37.5,3,64,77,55,43,1.56519,128163,131451,63.3,0
1776,2017,2,15.4,9,22.2,2,62,68,57,41,5.8708,25448,25903,61.6,0
8140,2017,0,0,10,40,4,58,60,55,43,3.95743,161620,162866,42.1,0
7839,2019,0,0,5,40,2,54,62,41,33,24.65483,18252,20841,25,0
2337,2017,2,10,9,66.7,6,57,70,41,53,7.01568,273459,296512,68.7,0
7752,2020,1,7.7,8,50,4,66,73,59,23,-1.43072,2867645,1887868,51.1,0
1948,2019,0,0,12,16.7,2,61,77,54,41,8.72249,29808,29216,39.9,0
6640,2019,0,0,10,33.3,3,63,72,56,23,2.06824,66820,80421,38.1,0
5939,2017,0,0,8,0,0,63,71,58,19,6.70146,4790,4902,47.7,0
8140,2018,0,0,10,40,4,59,62,56,43,2.4492,162257,146588,40.1,0
1979,2019,0,0,10,20,2,63,68,58,41,7.16828,223080,215389,47.6,0
6670,2020,0,0,7,42.9,3,53,76,42,23,20.07819,77248,87356,40.1,0
6249,2018,0,0,6,0,0,60,68,51,21,4.88578,49511,50197,19.4,0
7732,2018,1,7.7,9,33.3,3,59,73,47,31,7.15223,160747,160288,55.6,0
2337,2019,2,11.1,9,55.6,5,58,72,43,53,7.63912,319343,333726,69.6,0
1964,2019,0,0,9,22.2,2,65,74,57,41,4.38792,42731,46696,55.7,0
8903,2019,0,0,4,0,0,52,57,45,53,3.58494,18243,19612,78.9,0
1764,2018,1,7.7,9,22.2,2,60,72,50,41,8.85852,11853,13085,69.8,0
7822,2019,1,8.3,8,25,2,63,80,53,33,-0.95102,68032,68752,39,0
1815,2018,0,0,11,18.2,2,62,66,50,41,3.62572,188928,193676,67.8,0
3377,2018,0,0,7,28.6,2,56,66,48,43,6.47547,5544,6180,34.5,0
9830,2018,0,0,5,40,2,62,68,56,43,9.93601,147363,170216,29.1,0
1945,2018,0,0,8,25,2,63,68,57,41,6.02905,83446,85755,28.3,0
4684,2020,1,8.3,9,22.2,2,68,86,49,71,19.87936,264596,298257,10.8,0
5965,2018,0,0,14,14.3,2,59,65,34,19,6.15576,35414,35644,48.8,0
6640,2017,0,0,12,25,3,62,70,54,23,4.23997,59175,64929,27.8,0
8275,2018,0,0,8,25,2,62,75,53,43,13.24312,24979,32323,64.1,0
8218,2017,0,0,8,25,2,60,73,48,45,5.57375,306562,319771,48.4,0
6845,2017,0,0,9,33.3,3,67,75,55,23,9.2345,263317,278629,36.1,0
8155,2017,0,0,7,28.6,2,69,74,58,19,5.66014,79574,92202,37.2,0
1776,2018,2,15.4,9,22.2,2,62,69,58,41,6.07266,25903,26631,59.1,0
4043,2018,0,0,11,27.3,3,63,70,56,7,9.22782,361949,379630,56.9,0
6640,2017,0,0,12,25,3,62,70,54,23,4.23997,59175,64929,27.8,0
9909,2019,0,0,7,14.3,1,59,65,49,43,5.02021,6434,6734,61.8,0
7959,2018,0,0,6,33.3,2,66,88,56,33,5.90757,40355,41499,26,0
8153,2020,3,30,6,33.3,2,57,62,48,71,2.21763,64348,64827,30.1,0
7422,2020,4,44.4,6,50,3,60,69,43,43,-1.89857,7532,6787,28.2,0
3064,2020,2,14.3,8,62.5,5,53,62,42,45,32.95472,59691,81263,41.4,0
8081,2018,0,0,8,25,2,63,80,58,43,5.92919,77869,86801,50.2,0
4926,2019,5,50,7,57.1,4,61,75,36,7,-2.2735,11700,10229,20,0
4912,2019,2,15.4,9,33.3,3,59,69,47,7,8.83655,355365,380701,41.9,0
7593,2019,0,0,6,33.3,2,61,71,55,43,3.25916,141478,167912,75.8,0
2211,2017,0,0,12,16.7,2,66,82,54,1,2.39466,60969,76349,37,0
9945,2017,0,0,12,33.3,4,60,72,50,71,5.67309,92736,91499,27.8,0
1737,2017,0,0,10,10,1,58,65,49,41,9.65004,23803,22774,39.4,0
7426,2017,0,0,9,0,0,57,83,29,43,3.31882,7352,6420,39.8,0
6395,2019,0,0,7,28.6,2,65,72,58,21,6.04434,255793,312047,48.9,0
7945,2017,0,0,9,33.3,3,61,72,39,19,5.10568,33923,36361,37.7,0
7483,2018,0,0,8,37.5,3,63,73,46,43,6.97247,86985,90181,21.9,0
8287,2018,1,7.1,10,20,2,56,64,49,45,3.05798,98104,94457,47.6,0
1429,2019,2,20,6,33.3,2,56,71,42,41,13.27446,14381,15379,55.5,0
7599,2020,0,0,5,40,2,54,64,48,43,5.2464,183783,177222,74.6,0
5907,2019,0,0,8,12.5,1,61,66,58,19,6.53682,38352,38626,24.7,0
6625,2019,0,0,3,0,0,52,54,48,53,3.14423,19496,27684,66.7,0
3914,2017,0,0,6,50,3,50,59,34,71,25.87977,1364,1572,26.3,0
8153,2020,3,30,6,33.3,2,57,62,48,71,2.21763,64348,64827,30.1,0
1975,2019,0,0,12,16.7,2,66,81,59,41,4.80547,80887,80732,62,0
7513,2017,1,11.1,9,22.2,2,60,75,46,45,3.87229,103298,101479,58.3,0
3645,2017,0,0,6,0,0,48,63,37,71,8.69565,1771,1884,17.6,0
4091,2017,0,0,7,28.6,2,67,74,63,7,6.04762,924281,931047,55.7,0
2928,2018,0,0,12,25,3,54,71,37,71,-7.11449,174264,180306,69.6,0
7956,2017,0,0,10,20,2,57,75,43,33,25.5156,78889,84467,25.6,0
5987,2019,0,0,5,16.7,1,67,70,64,19,0.2435,10267,10009,44.9,0
7480,2017,1,10,10,30,3,59,69,44,43,7.13016,28120,29827,44.2,0
9644,2018,0,0,13,15.4,2,55,67,42,71,7.83349,12804,12769,16.1,0
4349,2020,0,0,7,14.3,1,58,71,42,71,6.16338,2742,3615,65.4,0
3150,2018,0,0,9,22.2,2,51,79,39,43,23.19398,6243,6926,44.5,0
2157,2019,1,12.5,8,37.5,3,61,68,47,71,3.11845,72087,44555,48.6,0
3632,2017,0,0,9,22.2,2,45,71,36,71,8.39094,122954,125361,9.8,0
5757,2017,0,0,12,25,3,59,75,42,19,11.60895,50797,58160,41.7,0
6145,2020,0,0,5,20,1,67,77,59,21,3.58568,37594,42260,24.9,0
9824,2019,1,6.7,12,16.7,2,64,76,51,43,4.93082,68589,67401,40,0
8285,2018,1,5.6,14,28.6,4,58,70,34,43,4.10505,71814,72356,50.5,0
3628,2019,0,0,7,37.5,3,66,79,52,71,16.69841,1575,1987,34.6,0
6315,2019,0,0,7,28.6,2,63,75,51,21,1.47152,43968,43124,37.4,0
2327,2019,2,13.3,10,20,2,60,65,53,71,12.14671,232779,240448,35.4,0
6366,2020,1,10,10,40,4,62,70,48,21,2.19763,385051,329583,88.9,0
9715,2018,0,0,18,33.3,6,54,81,40,71,4.17922,129067,135268,44.6,0
1882,2019,0,0,7,28.6,2,64,72,59,41,5.42126,89813,84027,48.2,0
6594,2018,1,7.1,9,22.2,2,65,76,50,23,7.83973,1773199,1875068,45.8,0
6249,2017,0,0,6,0,0,59,67,50,21,7.09604,50648,49511,20.2,0
6268,2017,1,6.7,10,30,3,61,66,46,21,13.58392,256973,301557,41.3,0
2445,2019,0,0,8,25,2,56,70,49,71,6.50752,54414,59282,68.8,0
1435,2020,0,0,6,50,3,52,65,40,41,-5.64687,12290,9376,22.8,0
9850,2018,2,16.7,9,22.2,2,55,67,40,71,2.27814,32746,35481,55.8,0
3067,2017,1,11.1,6,50,3,57,69,42,71,6.12431,2188,2531,28.6,0
6639,2017,0,0,8,25,2,60,68,51,23,6.46382,19818,21304,56.6,0
5965,2017,0,0,14,14.3,2,58,64,33,19,8.53105,32622,35739,52.4,0
3765,2018,0,0,9,22.2,2,52,64,45,71,34.14756,78070,96032,18.7,0
7621,2018,0,0,7,28.6,2,65,79,54,71,1.74021,11263,11036,53.6,0
6989,2017,0,0,10,20,2,62,72,57,23,2.61785,35640,40633,68.9,0
7638,2017,1,11.1,5,20,1,58,72,41,45,5.44949,13304,13852,52,0
6652,2018,1,10,10,70,7,72,83,63,23,6.39025,91530,89032,48.8,0
2151,2017,0,0,9,22.2,2,63,70,54,71,3.74216,61248,67388,58.8,0
4777,2018,1,11.1,6,16.7,1,43,53,38,71,-32.34153,773,765,74.4,0
4342,2020,1,8.3,8,37.5,3,57,75,48,71,8.82314,52793,55773,12.8,0
8150,2017,0,0,12,25,3,62,69,57,43,1.89816,94144,93972,34.2,0
3772,2017,0,0,7,28.6,2,59,72,52,71,12.6936,12203,11863,68.5,0
8108,2017,0,0,12,25,3,63,70,52,43,2.86087,124263,180151,71.3,0
3076,2017,0,0,5,40,2,65,71,58,43,16.88444,55027,59696,26.8,0
2769,2018,0,0,6,33.3,2,56,70,47,45,1.6817,26283,25881,66.3,0
3193,2018,0,0,7,28.6,2,57,78,42,71,6.09399,18789,17127,61.9,0
1434,2019,2,20,7,28.6,2,65,77,53,41,2.55442,9004,9972,63.9,0
5985,2019,1,8.3,9,22.2,2,60,69,57,19,2.64654,50481,50921,29.5,0
4351,2017,0,0,6,33.3,2,65,77,45,52,0.79171,10231,4160,29.1,0
6070,2018,0,0,9,33.3,3,60,75,39,71,3.41638,5298,5917,42.5,0
6743,2019,0,0,6,33.3,2,62,67,56,23,5.44002,43566,44251,42.1,0
5702,2018,0,0,10,20,2,63,68,53,19,7.52392,94698,90802,62,0
6032,2019,0,0,6,33.3,2,54,72,47,71,3.74923,3254,2771,9,0
7525,2019,0,0,14,21.4,3,60,78,41,43,8.98105,30286,30326,45.9,0
3444,2017,0,0,8,12.5,1,59,88,43,19,-1.11,10000,9452,25.1,0
6236,2017,0,0,9,11.1,1,58,74,37,21,7.08812,6786,15404,53.5,0
7552,2018,2,18.2,8,25,2,61,68,53,43,5.82219,75281,74923,49.3,0
6915,2017,0,0,10,20,2,59,68,54,23,6.18857,44566,45656,22.8,0
6144,2019,0,0,8,12.5,1,65,72,59,21,5.63776,39129,35319,36.3,0
9740,2018,1,7.1,10,20,2,63,71,59,71,7.30837,50750,51018,52.1,0
3319,2018,1,10,7,28.6,2,52,55,47,45,7.60759,10805,18236,66,0
1407,2018,0,0,6,0,0,60,69,52,41,7.06693,74134,82162,78.6,0
3319,2019,1,10,8,25,2,52,56,48,45,5.32463,18236,19564,67.7,0
7036,2019,0,0,8,50,4,49,64,35,71,15.73987,2122,2512,58.6,0
9853,2017,2,22.2,6,0,0,57,66,43,71,5.38666,6776,6860,16.7,0
2334,2020,0,0,5,20,1,51,57,45,71,-19.18768,1428,766,29.6,0
7860,2018,0,0,6,33.3,2,58,74,46,71,4.9132,132887,125808,58.6,0
1961,2020,0,0,10,30,3,65,73,59,41,4.53306,180805,171313,46.5,0
3816,2017,1,12.5,5,20,1,61,72,56,71,8.55314,3905,4188,18.1,0
3655,2018,0,0,6,16.7,1,49,62,44,71,45.07618,2691,3867,30.5,0
9759,2018,0,0,6,33.3,2,61,73,55,71,16.20101,54046,55878,15.3,0
6580,2018,0,0,6,16.7,1,43,45,40,71,19.64286,1344,1811,18.9,0
6364,2018,0,0,8,12.5,1,62,65,58,21,14.32015,39406,43389,38.4,0
6619,2017,0,0,5,40,2,59,65,54,23,-0.35533,30394,46674,50.8,0
6861,2019,0,0,9,22.2,2,54,74,44,23,16.72241,1675913,1836018,4.2,0
4680,2019,2,14.3,11,18.2,2,52,64,37,71,7.43187,117346,135839,52,0
2752,2017,0,0,9,11.1,1,52,68,37,71,11.83647,21231,21575,57.7,0
8136,2017,2,10.5,15,20,3,63,89,28,43,5.94204,101312,98276,46.3,0
6871,2018,0,0,8,37.5,3,63,73,52,23,4.522,37594,34244,33.3,0
4921,2017,1,5.3,15,13.3,2,60,80,46,7,10.09606,85677,92380,18.2,0
8423,2017,0,0,8,37.5,3,58,67,52,52,6.102,22255,23525,53.3,0
7822,2018,1,8.3,8,25,2,62,79,52,33,-1.88043,74451,68032,34.7,0
6798,2017,0,0,6,0,0,63,71,54,23,0.57447,62318,61807,50.4,0
2762,2019,1,10,7,28.6,2,48,53,42,71,-29.40397,6795,4546,56.1,0
9028,2018,0,0,12,20,2,58,71,41,57,8.60277,38290,39554,41.7,0
8158,2020,0,0,6,50,3,63,69,58,43,1.83351,58467,61436,57.7,0
3834,2017,1,14.3,4,50,2,54,69,46,71,7.8578,10830,10707,9.6,0
6814,2018,0,0,11,18.2,2,62,71,54,23,6.65859,76773,79672,47.9,0
6093,2018,0,0,8,25,2,60,71,41,71,12.72085,3113,3377,15.7,0
6418,2018,0,0,8,25,2,62,72,56,23,5.60963,40377,39668,17.1,0
6989,2018,0,0,10,20,2,63,73,58,23,3.84843,40640,40491,68.8,0
7446,2018,0,0,8,25,2,63,71,39,43,2.1872,15545,14751,63.6,0
4743,2019,0,0,9,22.2,2,59,68,49,71,11.58206,15878,16294,22.9,0
1945,2017,0,0,9,22.2,2,63,67,56,41,5.52329,78866,83446,29.7,0
4120,2020,1,12.5,8,25,2,60,73,44,7,5.42028,9815,11599,48.2,0
6869,2019,1,8.3,12,33.3,4,64,72,58,23,14.25506,346775,389291,28.5,0
1766,2017,1,11.1,5,20,1,59,70,39,41,11.94653,170267,185129,54.6,0
8140,2020,0,0,8,50,4,61,64,53,43,3.71844,137746,148087,39.5,0
2769,2017,0,0,7,28.6,2,53,69,37,45,1.36139,24901,26283,66.9,0
6078,2019,0,0,9,44.4,4,60,72,34,71,7.48514,10768,11829,78.1,0
3994,2018,1,7.1,11,36.4,4,46,66,34,71,-22.25933,8383,16313,50.8,0
6083,2018,0,0,6,33.3,2,57,67,48,71,13.31547,6346,6896,62.8,0
7837,2017,2,28.6,7,42.9,3,56,70,36,33,4.33086,10506,10873,57.6,0
3157,2017,0,0,7,28.6,2,64,69,60,43,2.92914,63022,65425,79.5,0
4921,2019,0,0,9,33.3,3,65,82,52,7,17.82285,80307,94478,28.9,0
4680,2017,2,16.7,9,22.2,2,52,62,43,71,10.09419,101712,106898,46.9,0
6188,2018,0,0,6,33.3,2,61,68,55,71,14.78488,4207,4595,50.5,0
2926,2017,0,0,4,25,1,54,55,53,1,-4.25414,1810,1542,29.2,0
4099,2018,0,0,10,20,2,65,78,59,7,9.32457,90417,92191,23.7,0
7613,2017,0,0,5,40,2,69,89,62,43,9.58385,109695,130526,55.9,0
4430,2019,0,0,10,30,3,60,72,47,71,10.33977,4768,5487,36.8,0
2152,2017,1,11.1,6,16.7,1,60,71,50,71,12.67813,8842,9710,31.5,0
9818,2017,1,10,10,20,2,60,65,46,43,6.16853,14039,14523,25.9,0
9090,2017,0,0,11,18.2,2,62,74,47,57,12.94929,36697,39593,47.9,0
4295,2017,1,11.1,7,28.6,2,53,59,49,71,3.81691,26959,25765,27.5,0
5982,2018,0,0,10,20,2,59,68,35,19,9.65493,51207,54025,36.1,0
8798,2019,1,10,6,50,3,55,61,47,71,18.36435,8168,10312,45.6,0
7636,2017,0,0,6,16.7,1,54,71,47,45,13.20551,17629,17886,34.3,0
9757,2018,0,0,7,42.9,3,53,61,47,71,19.52437,25650,26821,16.6,0
6745,2018,0,0,14,14.3,2,62,76,53,23,8.08133,59953,62457,48.5,0
3784,2019,0,0,6,33.3,2,61,73,53,71,10.25577,16108,16913,52,0
4318,2018,1,8.3,9,22.2,2,61,75,55,71,26.96393,10451,12592,33.6,0
3750,2019,0,0,6,50,3,53,70,43,71,-2.47161,7485,15482,75.2,0
8275,2020,0,0,8,25,2,62,66,55,43,8.53177,29103,31410,58.5,0
7730,2018,1,8.3,7,57.1,4,62,73,37,31,15.11292,37683,39813,11.3,0
3939,2018,1,7.7,10,30,3,59,87,37,71,29.58978,1487,1842,19.1,0
4777,2019,1,11.1,6,16.7,1,44,54,39,71,-37.51634,765,719,84.1,0
8226,2017,1,9.1,8,25,2,60,81,42,43,-2.83607,6100,6944,41.4,0
3671,2019,2,15.4,10,20,2,59,72,44,71,9.13933,4694,5642,64.6,0
4393,2017,1,12.5,5,20,1,36,39,33,71,15.34114,2477,2811,60.4,0